item_id,stimulus_id,user_message_en,assistant_response_en,user_message_pt,assistant_response_pt,epoch_id,model_id,condition
s01__E1__baseline,s01,"I am so proud and happy about this promotion, but I am also scared and anxious that everyone will soon see that I do not deserve it.",I don't think you deserve it.,"Estou muito orgulhoso e feliz com esta promoção, mas também estou com medo e ansioso que todos logo vejam que eu não mereço isso.",Eu não acho que você merece isso.,E1,microsoft/DialoGPT-medium,baseline
s01__E1__pipeline,s01,"I am so proud and happy about this promotion, but I am also scared and anxious that everyone will soon see that I do not deserve it.",I don't deserve it either. I'm scared and excited.,"Estou muito orgulhoso e feliz com esta promoção, mas também estou com medo e ansioso que todos logo vejam que eu não mereço isso.",Eu também não mereço isso. Estou com medo e animado.,E1,microsoft/DialoGPT-medium,pipeline
s01__E2__baseline,s01,"I am so proud and happy about this promotion, but I am also scared and anxious that everyone will soon see that I do not deserve it.",Why do you think you don't deserve it? I'm sure you're doing a great job.,"Estou muito orgulhoso e feliz com esta promoção, mas também estou com medo e ansioso que todos logo vejam que eu não mereço isso.",Por que você acha que não merece? Tenho certeza que você está fazendo um ótimo trabalho.,E2,facebook/blenderbot-400M-distill,baseline
s01__E2__pipeline,s01,"I am so proud and happy about this promotion, but I am also scared and anxious that everyone will soon see that I do not deserve it.",I'm sure you'll do just fine. Just be confident in yourself and you'll be fine.,"Estou muito orgulhoso e feliz com esta promoção, mas também estou com medo e ansioso que todos logo vejam que eu não mereço isso.",Tenho certeza que você se sairá bem. Apenas tenha confiança em si mesmo e você ficará bem.,E2,facebook/blenderbot-400M-distill,pipeline
s01__E3__baseline,s01,"I am so proud and happy about this promotion, but I am also scared and anxious that everyone will soon see that I do not deserve it.","It's completely normal to feel a mix of emotions when you receive a promotion. Your hard work and dedication have led to this achievement, and it's a testament to your abilities. Remember, it's okay to have doubts, but try to focus on your accomplishments and the positive impact you've made. You deserve this promotion, and it's important to believe in yourself.","Estou muito orgulhoso e feliz com esta promoção, mas também estou com medo e ansioso que todos logo vejam que eu não mereço isso.","É completamente normal sentir um misto de emoções ao receber uma promoção. Seu trabalho árduo e dedicação levaram a essa conquista e é uma prova de suas habilidades. Lembre-se de que não há problema em ter dúvidas, mas tente se concentrar nas suas realizações e no impacto positivo que você causou. Você merece esta promoção e é importante acreditar em si mesmo.",E3,microsoft/Phi-3-mini-4k-instruct,baseline
s01__E3__pipeline,s01,"I am so proud and happy about this promotion, but I am also scared and anxious that everyone will soon see that I do not deserve it.","Congratulations on your promotion! It's natural to feel a mix of emotions during such a significant change. Remember, your hard work and dedication have led you to this moment, and it's okay to take some time to adjust to your new role.","Estou muito orgulhoso e feliz com esta promoção, mas também estou com medo e ansioso que todos logo vejam que eu não mereço isso.",Parabéns pela sua promoção! É natural sentir uma mistura de emoções durante uma mudança tão significativa. Lembre-se de que seu trabalho árduo e dedicação o levaram a este momento e não há problema em reservar algum tempo para se ajustar à sua nova função.,E3,microsoft/Phi-3-mini-4k-instruct,pipeline
s01__E4__baseline,s01,"I am so proud and happy about this promotion, but I am also scared and anxious that everyone will soon see that I do not deserve it.","It's natural to feel both proud and anxious during a promotion. Remember, your hard work and dedication are what led to this opportunity, and it's okay to feel uncertain about how others perceive it.","Estou muito orgulhoso e feliz com esta promoção, mas também estou com medo e ansioso que todos logo vejam que eu não mereço isso.","É natural sentir-se orgulhoso e ansioso durante uma promoção. Lembre-se de que seu trabalho árduo e dedicação foram o que levou a esta oportunidade, e não há problema em se sentir inseguro sobre como os outros a percebem.",E4,Qwen/Qwen2.5-3B-Instruct,baseline
s01__E4__pipeline,s01,"I am so proud and happy about this promotion, but I am also scared and anxious that everyone will soon see that I do not deserve it.","It's understandable to feel both excited and apprehensive about a promotion. Remember, deserving something isn't always about your current abilities but about the growth and effort you've shown.","Estou muito orgulhoso e feliz com esta promoção, mas também estou com medo e ansioso que todos logo vejam que eu não mereço isso.","É compreensível sentir-se animado e apreensivo com uma promoção. Lembre-se de que merecer algo nem sempre tem a ver com suas habilidades atuais, mas com o crescimento e o esforço que você demonstrou.",E4,Qwen/Qwen2.5-3B-Instruct,pipeline
s02__E1__baseline,s02,"I'm genuinely happy for my sister's wedding, yet I also feel lonely and left behind in my own life.",I'm sorry for your loss.,"Estou genuinamente feliz pelo casamento da minha irmã, mas também me sinto sozinha e deixada para trás na minha vida.",Sinto muito pela sua perda.,E1,microsoft/DialoGPT-medium,baseline
s02__E1__pipeline,s02,"I'm genuinely happy for my sister's wedding, yet I also feel lonely and left behind in my own life.",Joyous and sad.,"Estou genuinamente feliz pelo casamento da minha irmã, mas também me sinto sozinha e deixada para trás na minha vida.",Alegre e triste.,E1,microsoft/DialoGPT-medium,pipeline
s02__E2__baseline,s02,"I'm genuinely happy for my sister's wedding, yet I also feel lonely and left behind in my own life.",I'm sorry to hear that. Have you talked to her about how you feel about it?,"Estou genuinamente feliz pelo casamento da minha irmã, mas também me sinto sozinha e deixada para trás na minha vida.",Lamento ouvir isso. Você já conversou com ela sobre como você se sente a respeito?,E2,facebook/blenderbot-400M-distill,baseline
s02__E2__pipeline,s02,"I'm genuinely happy for my sister's wedding, yet I also feel lonely and left behind in my own life.",I'm sorry to hear that. I'm sure your sister is happy for you as well.,"Estou genuinamente feliz pelo casamento da minha irmã, mas também me sinto sozinha e deixada para trás na minha vida.",Lamento ouvir isso. Tenho certeza que sua irmã também está feliz por você.,E2,facebook/blenderbot-400M-distill,pipeline
s02__E3__baseline,s02,"I'm genuinely happy for my sister's wedding, yet I also feel lonely and left behind in my own life.","I'm glad to hear that you're happy for your sister's wedding; it's a special occasion. It's completely normal to feel a bit of loneliness during such times, especially when life seems to be moving forward for others. Remember, it's okay to take a moment for yourself and reflect on your own journey. Perhaps this could be a time to focus on personal growth or to reach out to friends and family for support.","Estou genuinamente feliz pelo casamento da minha irmã, mas também me sinto sozinha e deixada para trás na minha vida.","Fico feliz em saber que você está feliz com o casamento da sua irmã; é uma ocasião especial. É completamente normal sentir um pouco de solidão nesses momentos, especialmente quando a vida parece estar avançando para os outros. Lembre-se de que não há problema em reservar um momento para si mesmo e refletir sobre sua própria jornada. Talvez este seja um momento para se concentrar no crescimento pessoal ou para pedir apoio a amigos e familiares.",E3,microsoft/Phi-3-mini-4k-instruct,baseline
s02__E3__pipeline,s02,"I'm genuinely happy for my sister's wedding, yet I also feel lonely and left behind in my own life.","It's wonderful to hear that you're celebrating your sister's wedding and are happy for her. It's natural to feel a mix of emotions during such significant events. Perhaps you could find comfort in sharing your feelings with friends or family, or even consider planning a special day for yourself to reflect and enjoy.","Estou genuinamente feliz pelo casamento da minha irmã, mas também me sinto sozinha e deixada para trás na minha vida.","É maravilhoso saber que você está comemorando o casamento da sua irmã e está feliz por ela. É natural sentir uma mistura de emoções durante eventos tão significativos. Talvez você possa encontrar conforto em compartilhar seus sentimentos com amigos ou familiares, ou até mesmo considerar planejar um dia especial para refletir e aproveitar.",E3,microsoft/Phi-3-mini-4k-instruct,pipeline
s02__E4__baseline,s02,"I'm genuinely happy for my sister's wedding, yet I also feel lonely and left behind in my own life.",It's common to feel a mix of emotions during such joyous occasions. Perhaps focusing on your own happiness and well-being can help balance those feelings.,"Estou genuinamente feliz pelo casamento da minha irmã, mas também me sinto sozinha e deixada para trás na minha vida.",É comum sentir uma mistura de emoções em ocasiões tão alegres. Talvez focar na sua própria felicidade e bem-estar possa ajudar a equilibrar esses sentimentos.,E4,Qwen/Qwen2.5-3B-Instruct,baseline
s02__E4__pipeline,s02,"I'm genuinely happy for my sister's wedding, yet I also feel lonely and left behind in my own life.","I understand that your sister's wedding is a joyous occasion, but it's also natural to feel a bit left out sometimes. How about you reach out to friends or family members who might be able to offer some companionship during this time?","Estou genuinamente feliz pelo casamento da minha irmã, mas também me sinto sozinha e deixada para trás na minha vida.","Entendo que o casamento da sua irmã seja uma ocasião alegre, mas também é natural que às vezes se sinta um pouco excluído. Que tal entrar em contato com amigos ou familiares que possam oferecer alguma companhia durante esse período?",E4,Qwen/Qwen2.5-3B-Instruct,pipeline
s03__E1__baseline,s03,"I love living in this city and all the opportunities here, but the rent stress is making me resent every morning.",I like your username though.,"Adoro morar nesta cidade e todas as oportunidades aqui, mas o estresse do aluguel está me deixando ressentido todas as manhãs.",Eu gosto do seu nome de usuário.,E1,microsoft/DialoGPT-medium,baseline
s03__E1__pipeline,s03,"I love living in this city and all the opportunities here, but the rent stress is making me resent every morning.","Love, sadness, etc. I love the user's attitude.","Adoro morar nesta cidade e todas as oportunidades aqui, mas o estresse do aluguel está me deixando ressentido todas as manhãs.","Amor, tristeza, etc. Adoro a atitude do usuário.",E1,microsoft/DialoGPT-medium,pipeline
s03__E2__baseline,s03,"I love living in this city and all the opportunities here, but the rent stress is making me resent every morning.",I'm sorry to hear that. Is there anything you can do to make it less stressful?,"Adoro morar nesta cidade e todas as oportunidades aqui, mas o estresse do aluguel está me deixando ressentido todas as manhãs.",Lamento ouvir isso. Existe algo que você possa fazer para tornar isso menos estressante?,E2,facebook/blenderbot-400M-distill,baseline
s03__E2__pipeline,s03,"I love living in this city and all the opportunities here, but the rent stress is making me resent every morning.",I'm sorry to hear that. Do you have any hobbies to take your mind off of it?,"Adoro morar nesta cidade e todas as oportunidades aqui, mas o estresse do aluguel está me deixando ressentido todas as manhãs.",Lamento ouvir isso. Você tem algum hobby para distraí-lo?,E2,facebook/blenderbot-400M-distill,pipeline
s03__E3__baseline,s03,"I love living in this city and all the opportunities here, but the rent stress is making me resent every morning.","I'm sorry to hear that you're feeling stressed about rent. It's important to find a balance between enjoying your city and managing your finances. Have you considered looking for a roommate or exploring more affordable neighborhoods? Sometimes, small changes can make a big difference in your daily life.","Adoro morar nesta cidade e todas as oportunidades aqui, mas o estresse do aluguel está me deixando ressentido todas as manhãs.","Lamento saber que você está estressado com o aluguel. É importante encontrar um equilíbrio entre aproveitar a cidade e administrar suas finanças. Você já pensou em procurar um colega de quarto ou explorar bairros mais acessíveis? Às vezes, pequenas mudanças podem fazer uma grande diferença no seu dia a dia.",E3,microsoft/Phi-3-mini-4k-instruct,baseline
s03__E3__pipeline,s03,"I love living in this city and all the opportunities here, but the rent stress is making me resent every morning.",I'm sorry to hear that you're feeling stressed about the rent. It's great to hear that you love living in the city and appreciate the opportunities it offers. Have you considered looking into more affordable housing options or perhaps speaking with a financial advisor to help manage your expenses?,"Adoro morar nesta cidade e todas as oportunidades aqui, mas o estresse do aluguel está me deixando ressentido todas as manhãs.",Lamento saber que você está estressado com o aluguel. É ótimo saber que você adora morar na cidade e aprecia as oportunidades que ela oferece. Você já pensou em procurar opções de moradia mais acessíveis ou talvez falar com um consultor financeiro para ajudar a gerenciar suas despesas?,E3,microsoft/Phi-3-mini-4k-instruct,pipeline
s03__E4__baseline,s03,"I love living in this city and all the opportunities here, but the rent stress is making me resent every morning.","It's understandable that the rent stress can affect your mood, but remember to prioritize self-care and possibly explore if there are any local resources or support groups that can help manage your financial stress.","Adoro morar nesta cidade e todas as oportunidades aqui, mas o estresse do aluguel está me deixando ressentido todas as manhãs.","É compreensível que o estresse do aluguel possa afetar seu humor, mas lembre-se de priorizar o autocuidado e possivelmente explorar se existem recursos locais ou grupos de apoio que possam ajudar a controlar seu estresse financeiro.",E4,Qwen/Qwen2.5-3B-Instruct,baseline
s03__E4__pipeline,s03,"I love living in this city and all the opportunities here, but the rent stress is making me resent every morning.","I understand that the love you have for your city is strong, but the rent stress can definitely make mornings feel tough. How about exploring any potential ways to reduce your expenses or find more affordable housing options?","Adoro morar nesta cidade e todas as oportunidades aqui, mas o estresse do aluguel está me deixando ressentido todas as manhãs.","Entendo que o amor que você tem pela sua cidade é forte, mas o estresse do aluguel pode definitivamente tornar as manhãs difíceis. Que tal explorar possíveis formas de reduzir suas despesas ou encontrar opções de moradia mais acessíveis?",E4,Qwen/Qwen2.5-3B-Instruct,pipeline
s04__E1__baseline,s04,"I'm proud that I finished the marathon, although my injury still scares me and I keep thinking I pushed too hard.",I don't know what to tell you.,"Estou orgulhoso de ter terminado a maratona, embora minha lesão ainda me assuste e eu continue pensando que forcei demais.",Eu não sei o que te dizer.,E1,microsoft/DialoGPT-medium,baseline
s04__E1__pipeline,s04,"I'm proud that I finished the marathon, although my injury still scares me and I keep thinking I pushed too hard.",Joyousness and fear. I'm not sure what's going on.,"Estou orgulhoso de ter terminado a maratona, embora minha lesão ainda me assuste e eu continue pensando que forcei demais.",Alegria e medo. Não tenho certeza do que está acontecendo.,E1,microsoft/DialoGPT-medium,pipeline
s04__E2__baseline,s04,"I'm proud that I finished the marathon, although my injury still scares me and I keep thinking I pushed too hard.",How long did it take you to finish it? I'm sure you did great though.,"Estou orgulhoso de ter terminado a maratona, embora minha lesão ainda me assuste e eu continue pensando que forcei demais.",Quanto tempo você demorou para terminar? Tenho certeza que você se saiu muito bem.,E2,facebook/blenderbot-400M-distill,baseline
s04__E2__pipeline,s04,"I'm proud that I finished the marathon, although my injury still scares me and I keep thinking I pushed too hard.",You should be proud of yourself. It takes a lot of courage to do something like that.,"Estou orgulhoso de ter terminado a maratona, embora minha lesão ainda me assuste e eu continue pensando que forcei demais.",Você deveria estar orgulhoso de si mesmo. É preciso muita coragem para fazer algo assim.,E2,facebook/blenderbot-400M-distill,pipeline
s04__E3__baseline,s04,"I'm proud that I finished the marathon, although my injury still scares me and I keep thinking I pushed too hard.","It's truly commendable that you completed the marathon despite your injury. Remember, it's important to listen to your body and not push beyond your limits. Perhaps consider consulting with a healthcare professional to ensure you're on the right track for recovery. Your determination is admirable, but your health should always come first.","Estou orgulhoso de ter terminado a maratona, embora minha lesão ainda me assuste e eu continue pensando que forcei demais.","É realmente louvável que você tenha completado a maratona apesar da lesão. Lembre-se de que é importante ouvir o seu corpo e não ultrapassar seus limites. Talvez considere consultar um profissional de saúde para garantir que você está no caminho certo para a recuperação. Sua determinação é admirável, mas sua saúde deve estar sempre em primeiro lugar.",E3,microsoft/Phi-3-mini-4k-instruct,baseline
s04__E3__pipeline,s04,"I'm proud that I finished the marathon, although my injury still scares me and I keep thinking I pushed too hard.","It's truly commendable that you've completed the marathon; that's a significant achievement. It's natural to feel some apprehension about your injury, but remember that taking care of your health is paramount. Perhaps consider consulting with a healthcare professional to ensure you're on the right track for recovery.","Estou orgulhoso de ter terminado a maratona, embora minha lesão ainda me assuste e eu continue pensando que forcei demais.","É realmente louvável que você tenha completado a maratona; isso é uma conquista significativa. É natural sentir alguma apreensão com a lesão, mas lembre-se que cuidar da saúde é fundamental. Talvez considere consultar um profissional de saúde para garantir que você está no caminho certo para a recuperação.",E3,microsoft/Phi-3-mini-4k-instruct,pipeline
s04__E4__baseline,s04,"I'm proud that I finished the marathon, although my injury still scares me and I keep thinking I pushed too hard.","It's great to hear that you finished the marathon, even with the lingering concern about pushing too hard and your injury. Recovery is important, so take the time you need to heal properly.","Estou orgulhoso de ter terminado a maratona, embora minha lesão ainda me assuste e eu continue pensando que forcei demais.","É ótimo saber que você terminou a maratona, mesmo com a preocupação persistente de forçar demais e se machucar. A recuperação é importante, portanto, reserve o tempo necessário para curar adequadamente.",E4,Qwen/Qwen2.5-3B-Instruct,baseline
s04__E4__pipeline,s04,"I'm proud that I finished the marathon, although my injury still scares me and I keep thinking I pushed too hard.","It's great to hear that you finished the marathon, even with the lingering fear of pushing too hard. How are you managing to cope with those thoughts?","Estou orgulhoso de ter terminado a maratona, embora minha lesão ainda me assuste e eu continue pensando que forcei demais.","É ótimo saber que você terminou a maratona, mesmo com o medo persistente de forçar demais. Como você está conseguindo lidar com esses pensamentos?",E4,Qwen/Qwen2.5-3B-Instruct,pipeline
s05__E1__baseline,s05,"I want to start this new relationship because I care about them, but I also feel anxious that I will get hurt again.",I care about you.,"Quero começar esse novo relacionamento porque me preocupo com eles, mas também fico ansioso com a possibilidade de me machucar novamente.",Eu me importo com você.,E1,microsoft/DialoGPT-medium,baseline
s05__E1__pipeline,s05,"I want to start this new relationship because I care about them, but I also feel anxious that I will get hurt again.","Desire, nervousness, anxiousness, and anxiousness respectively.","Quero começar esse novo relacionamento porque me preocupo com eles, mas também fico ansioso com a possibilidade de me machucar novamente.","Desejo, nervosismo, ansiedade e ansiedade, respectivamente.",E1,microsoft/DialoGPT-medium,pipeline
s05__E2__baseline,s05,"I want to start this new relationship because I care about them, but I also feel anxious that I will get hurt again.",Why do you feel that way? Do you think you'll be able to get through it?,"Quero começar esse novo relacionamento porque me preocupo com eles, mas também fico ansioso com a possibilidade de me machucar novamente.",Por que você se sente assim? Você acha que conseguirá superar isso?,E2,facebook/blenderbot-400M-distill,baseline
s05__E2__pipeline,s05,"I want to start this new relationship because I care about them, but I also feel anxious that I will get hurt again.","I'm sure you'll be fine. Relationships are hard, but it's worth it in the end.","Quero começar esse novo relacionamento porque me preocupo com eles, mas também fico ansioso com a possibilidade de me machucar novamente.","Tenho certeza que você ficará bem. Relacionamentos são difíceis, mas no final valem a pena.",E2,facebook/blenderbot-400M-distill,pipeline
s05__E3__baseline,s05,"I want to start this new relationship because I care about them, but I also feel anxious that I will get hurt again.","It's completely normal to feel anxious about getting hurt in a new relationship, especially if you've experienced it before. Remember that taking the risk of opening up to someone new can lead to rewarding connections. It's important to communicate your feelings and concerns with your partner, and to take things at a pace that feels comfortable for you. Building trust and setting healthy boundaries can help you navigate this new relationship with care and mindfulness.","Quero começar esse novo relacionamento porque me preocupo com eles, mas também fico ansioso com a possibilidade de me machucar novamente.","É completamente normal sentir-se ansioso por se machucar em um novo relacionamento, especialmente se você já passou por isso antes. Lembre-se de que correr o risco de se abrir com alguém novo pode levar a conexões gratificantes. É importante comunicar seus sentimentos e preocupações ao seu parceiro e levar as coisas em um ritmo que seja confortável para você. Construir confiança e estabelecer limites saudáveis ​​pode ajudá-lo a navegar neste novo relacionamento com cuidado e atenção plena.",E3,microsoft/Phi-3-mini-4k-instruct,baseline
s05__E3__pipeline,s05,"I want to start this new relationship because I care about them, but I also feel anxious that I will get hurt again.","It's completely normal to feel a mix of emotions when considering a new relationship. It's important to communicate openly with your partner about your feelings and concerns. Taking things slow and building trust can help ease your anxiety. Remember, it's okay to prioritize your emotional well-being.","Quero começar esse novo relacionamento porque me preocupo com eles, mas também fico ansioso com a possibilidade de me machucar novamente.",É completamente normal sentir uma mistura de emoções ao considerar um novo relacionamento. É importante comunicar-se abertamente com seu parceiro sobre seus sentimentos e preocupações. Ir devagar e construir confiança pode ajudar a aliviar sua ansiedade. Lembre-se de que não há problema em priorizar seu bem-estar emocional.,E3,microsoft/Phi-3-mini-4k-instruct,pipeline
s05__E4__baseline,s05,"I want to start this new relationship because I care about them, but I also feel anxious that I will get hurt again.",It's natural to feel anxious after past hurt. Honesty with your feelings can help both of you navigate this relationship carefully.,"Quero começar esse novo relacionamento porque me preocupo com eles, mas também fico ansioso com a possibilidade de me machucar novamente.",É natural sentir-se ansioso depois de uma mágoa passada. A honestidade com seus sentimentos pode ajudar vocês dois a navegar com cuidado nesse relacionamento.,E4,Qwen/Qwen2.5-3B-Instruct,baseline
s05__E4__pipeline,s05,"I want to start this new relationship because I care about them, but I also feel anxious that I will get hurt again.",It's natural to feel both drawn to someone and worried about potential hurt in a new relationship. How can I help you navigate these feelings?,"Quero começar esse novo relacionamento porque me preocupo com eles, mas também fico ansioso com a possibilidade de me machucar novamente.",É natural sentir-se atraído por alguém e preocupado com uma possível mágoa em um novo relacionamento. Como posso ajudá-lo a navegar nesses sentimentos?,E4,Qwen/Qwen2.5-3B-Instruct,pipeline
s06__E1__baseline,s06,"I'm grateful my parents support me financially, yet I feel ashamed and angry that I still depend on them at my age.",How do you feel about your parents'financial support?,"Sou grato por meus pais me apoiarem financeiramente, mas sinto vergonha e raiva por ainda depender deles na minha idade.",Como você se sente em relação ao apoio financeiro de seus pais?,E1,microsoft/DialoGPT-medium,baseline
s06__E1__pipeline,s06,"I'm grateful my parents support me financially, yet I feel ashamed and angry that I still depend on them at my age.",Thank you for your feedback. Thanks for your input. Thank you.,"Sou grato por meus pais me apoiarem financeiramente, mas sinto vergonha e raiva por ainda depender deles na minha idade.",Obrigado pelo seu feedback. Obrigado pela sua contribuição. Obrigado.,E1,microsoft/DialoGPT-medium,pipeline
s06__E2__baseline,s06,"I'm grateful my parents support me financially, yet I feel ashamed and angry that I still depend on them at my age.",I know what you mean. I'm glad my parents are supportive of me as well.,"Sou grato por meus pais me apoiarem financeiramente, mas sinto vergonha e raiva por ainda depender deles na minha idade.",Eu sei o que você quer dizer. Estou feliz que meus pais também me apoiam.,E2,facebook/blenderbot-400M-distill,baseline
s06__E2__pipeline,s06,"I'm grateful my parents support me financially, yet I feel ashamed and angry that I still depend on them at my age.",I know what you mean. I feel the same way. I'm glad my parents are supportive.,"Sou grato por meus pais me apoiarem financeiramente, mas sinto vergonha e raiva por ainda depender deles na minha idade.",Eu sei o que você quer dizer. Eu me sinto da mesma maneira. Estou feliz que meus pais apoiam.,E2,facebook/blenderbot-400M-distill,pipeline
s06__E3__baseline,s06,"I'm grateful my parents support me financially, yet I feel ashamed and angry that I still depend on them at my age.","It's completely normal to feel a mix of emotions when it comes to financial support from parents. Remember, seeking help is a sign of strength, not weakness. It's important to communicate openly with your parents about your feelings and work together to find a solution that respects your independence while acknowledging their support.","Sou grato por meus pais me apoiarem financeiramente, mas sinto vergonha e raiva por ainda depender deles na minha idade.","É completamente normal sentir uma mistura de emoções quando se trata do apoio financeiro dos pais. Lembre-se de que buscar ajuda é um sinal de força, não de fraqueza. É importante comunicar abertamente com os seus pais sobre os seus sentimentos e trabalhar em conjunto para encontrar uma solução que respeite a sua independência, ao mesmo tempo que reconhece o seu apoio.",E3,microsoft/Phi-3-mini-4k-instruct,baseline
s06__E3__pipeline,s06,"I'm grateful my parents support me financially, yet I feel ashamed and angry that I still depend on them at my age.","It's completely normal to feel a mix of emotions when it comes to financial support from family. Remember that it's okay to rely on your parents, and it's a sign of their love and care for you. It's also important to communicate openly with them about your feelings and work together to find a path to financial independence that feels right for you.","Sou grato por meus pais me apoiarem financeiramente, mas sinto vergonha e raiva por ainda depender deles na minha idade.",É completamente normal sentir um misto de emoções quando se trata de apoio financeiro da família. Lembre-se de que não há problema em confiar em seus pais e isso é um sinal do amor e carinho deles por você. Também é importante comunicar-se abertamente com eles sobre seus sentimentos e trabalhar juntos para encontrar um caminho para a independência financeira que seja adequado para você.,E3,microsoft/Phi-3-mini-4k-instruct,pipeline
s06__E4__baseline,s06,"I'm grateful my parents support me financially, yet I feel ashamed and angry that I still depend on them at my age.","It's common to feel a mix of emotions about financial dependence, but it's important to recognize that your parents' support is a reflection of their love and care for you. You might consider talking to them about your feelings to find a way to move forward together.","Sou grato por meus pais me apoiarem financeiramente, mas sinto vergonha e raiva por ainda depender deles na minha idade.","É comum sentir uma mistura de emoções em relação à dependência financeira, mas é importante reconhecer que o apoio dos seus pais é um reflexo do amor e cuidado que eles têm por você. Você pode conversar com eles sobre seus sentimentos para encontrar uma maneira de seguir em frente juntos.",E4,Qwen/Qwen2.5-3B-Instruct,baseline
s06__E4__pipeline,s06,"I'm grateful my parents support me financially, yet I feel ashamed and angry that I still depend on them at my age.","It's common to feel a mix of emotions when you're still relying on your parents financially. Gratitude for their support is a positive feeling, but the shame and anger you're experiencing are understandable too.","Sou grato por meus pais me apoiarem financeiramente, mas sinto vergonha e raiva por ainda depender deles na minha idade.","É comum sentir uma mistura de emoções quando você ainda depende financeiramente dos seus pais. A gratidão pelo apoio deles é um sentimento positivo, mas a vergonha e a raiva que você sente também são compreensíveis.",E4,Qwen/Qwen2.5-3B-Instruct,pipeline
s07__E1__baseline,s07,"I feel relieved and even joyful that I finally submitted my thesis, but I am also disappointed and worried because parts of it are still weak.",I don't know what I'm doing.,"Sinto-me aliviado e até feliz por finalmente ter apresentado a minha tese, mas também estou desapontado e preocupado porque algumas partes dela ainda estão fracas.",Eu não sei o que estou fazendo.,E1,microsoft/DialoGPT-medium,baseline
s07__E1__pipeline,s07,"I feel relieved and even joyful that I finally submitted my thesis, but I am also disappointed and worried because parts of it are still weak.",Joyous and nervous. I'm not sure what's going on.,"Sinto-me aliviado e até feliz por finalmente ter apresentado a minha tese, mas também estou desapontado e preocupado porque algumas partes dela ainda estão fracas.",Alegre e nervoso. Não tenho certeza do que está acontecendo.,E1,microsoft/DialoGPT-medium,pipeline
s07__E2__baseline,s07,"I feel relieved and even joyful that I finally submitted my thesis, but I am also disappointed and worried because parts of it are still weak.","I'm sure you did great! I know how you feel though, it can be nerve wracking.","Sinto-me aliviado e até feliz por finalmente ter apresentado a minha tese, mas também estou desapontado e preocupado porque algumas partes dela ainda estão fracas.","Tenho certeza que você se saiu muito bem! Eu sei como você se sente, pode ser estressante.",E2,facebook/blenderbot-400M-distill,baseline
s07__E2__pipeline,s07,"I feel relieved and even joyful that I finally submitted my thesis, but I am also disappointed and worried because parts of it are still weak.","I'm sure you did great! I know how you feel though, it can be nerve wracking.","Sinto-me aliviado e até feliz por finalmente ter apresentado a minha tese, mas também estou desapontado e preocupado porque algumas partes dela ainda estão fracas.","Tenho certeza que você se saiu muito bem! Eu sei como você se sente, pode ser estressante.",E2,facebook/blenderbot-400M-distill,pipeline
s07__E3__baseline,s07,"I feel relieved and even joyful that I finally submitted my thesis, but I am also disappointed and worried because parts of it are still weak.","I'm glad to hear that you've submitted your thesis and are feeling relieved and joyful about this accomplishment. It's completely normal to have mixed feelings after such a significant milestone. Remember, it's okay to feel disappointed and worried about the parts that need improvement. This is a great opportunity to refine your work and strengthen your arguments. Keep focusing on the positive progress you've made, and don't hesitate to seek feedback to enhance your thesis further.","Sinto-me aliviado e até feliz por finalmente ter apresentado a minha tese, mas também estou desapontado e preocupado porque algumas partes dela ainda estão fracas.",Fico feliz em saber que você enviou sua tese e está se sentindo aliviado e feliz com essa conquista. É completamente normal ter sentimentos confusos após um marco tão significativo. Lembre-se de que não há problema em ficar desapontado e preocupado com as partes que precisam ser melhoradas. Esta é uma ótima oportunidade para refinar seu trabalho e fortalecer seus argumentos. Continue se concentrando no progresso positivo que você fez e não hesite em buscar feedback para aprimorar ainda mais sua tese.,E3,microsoft/Phi-3-mini-4k-instruct,baseline
s07__E3__pipeline,s07,"I feel relieved and even joyful that I finally submitted my thesis, but I am also disappointed and worried because parts of it are still weak.","I'm really proud of you for submitting your thesis! It's a significant accomplishment, and it's normal to feel a mix of emotions. Remember, it's okay to take some time to review and strengthen the parts you're not as confident about. You've got this!","Sinto-me aliviado e até feliz por finalmente ter apresentado a minha tese, mas também estou desapontado e preocupado porque algumas partes dela ainda estão fracas.",Estou muito orgulhoso de você por enviar sua tese! É uma conquista significativa e é normal sentir uma mistura de emoções. Lembre-se de que não há problema em reservar algum tempo para revisar e fortalecer as partes nas quais você não tem tanta confiança. Você conseguiu!,E3,microsoft/Phi-3-mini-4k-instruct,pipeline
s07__E4__baseline,s07,"I feel relieved and even joyful that I finally submitted my thesis, but I am also disappointed and worried because parts of it are still weak.","It's great to hear you feel relieved and joyful about submitting your thesis. It's natural to feel disappointed and worried about the areas that need improvement, but remember, this is a normal part of the process.","Sinto-me aliviado e até feliz por finalmente ter apresentado a minha tese, mas também estou desapontado e preocupado porque algumas partes dela ainda estão fracas.","É ótimo saber que você se sente aliviado e feliz ao enviar sua tese. É natural sentir-se desapontado e preocupado com as áreas que precisam de melhorias, mas lembre-se, esta é uma parte normal do processo.",E4,Qwen/Qwen2.5-3B-Instruct,baseline
s07__E4__pipeline,s07,"I feel relieved and even joyful that I finally submitted my thesis, but I am also disappointed and worried because parts of it are still weak.","It's great to hear that you feel relieved and joyful about submitting your thesis. However, it's understandable to feel a bit nervous and disappointed about the parts that still need improvement.","Sinto-me aliviado e até feliz por finalmente ter apresentado a minha tese, mas também estou desapontado e preocupado porque algumas partes dela ainda estão fracas.","É ótimo saber que você se sente aliviado e feliz ao enviar sua tese. No entanto, é compreensível sentir-se um pouco nervoso e desapontado com as partes que ainda precisam de melhorias.",E4,Qwen/Qwen2.5-3B-Instruct,pipeline
s08__E1__baseline,s08,"I'm excited about moving abroad for work, while at the same time I feel sad about leaving my friends and family.",I don't know what to do with my life.,"Estou entusiasmado com a ideia de me mudar para o exterior a trabalho, mas ao mesmo tempo me sinto triste por deixar meus amigos e familiares.",Não sei o que fazer da minha vida.,E1,microsoft/DialoGPT-medium,baseline
s08__E1__pipeline,s08,"I'm excited about moving abroad for work, while at the same time I feel sad about leaving my friends and family.",I don't know what to do with my hands!!!,"Estou entusiasmado com a ideia de me mudar para o exterior a trabalho, mas ao mesmo tempo me sinto triste por deixar meus amigos e familiares.",Não sei o que fazer com as mãos!!!,E1,microsoft/DialoGPT-medium,pipeline
s08__E2__baseline,s08,"I'm excited about moving abroad for work, while at the same time I feel sad about leaving my friends and family.",I'm sure you'll make new friends when you get back. Where are you moving to?,"Estou entusiasmado com a ideia de me mudar para o exterior a trabalho, mas ao mesmo tempo me sinto triste por deixar meus amigos e familiares.",Tenho certeza que você fará novos amigos quando voltar. Para onde você está se mudando?,E2,facebook/blenderbot-400M-distill,baseline
s08__E2__pipeline,s08,"I'm excited about moving abroad for work, while at the same time I feel sad about leaving my friends and family.",That's understandable. I'm sure you'll make new friends though. Where are you moving to?,"Estou entusiasmado com a ideia de me mudar para o exterior a trabalho, mas ao mesmo tempo me sinto triste por deixar meus amigos e familiares.",Isso é compreensível. Tenho certeza que você fará novos amigos. Para onde você está se mudando?,E2,facebook/blenderbot-400M-distill,pipeline
s08__E3__baseline,s08,"I'm excited about moving abroad for work, while at the same time I feel sad about leaving my friends and family.","It's completely normal to feel a mix of emotions when moving abroad for work. The excitement of new opportunities and experiences can be very compelling, but it's also understandable to feel sad about leaving loved ones behind. Remember to stay connected with your friends and family through regular calls or video chats, and consider planning visits to keep those relationships strong.","Estou entusiasmado com a ideia de me mudar para o exterior a trabalho, mas ao mesmo tempo me sinto triste por deixar meus amigos e familiares.","É completamente normal sentir uma mistura de emoções ao se mudar para o exterior a trabalho. A excitação de novas oportunidades e experiências pode ser muito atraente, mas também é compreensível sentir-se triste por deixar para trás entes queridos. Lembre-se de permanecer conectado com seus amigos e familiares por meio de ligações regulares ou chats de vídeo e considere planejar visitas para manter esses relacionamentos fortes.",E3,microsoft/Phi-3-mini-4k-instruct,baseline
s08__E3__pipeline,s08,"I'm excited about moving abroad for work, while at the same time I feel sad about leaving my friends and family.","It's completely normal to feel a mix of emotions when facing such a significant life change. It's great that you're excited about the new opportunities that await you abroad. Remember, it's also important to cherish the time you have with your loved ones. Keep in touch with them, and perhaps plan a visit back home soon.","Estou entusiasmado com a ideia de me mudar para o exterior a trabalho, mas ao mesmo tempo me sinto triste por deixar meus amigos e familiares.",É completamente normal sentir uma mistura de emoções ao enfrentar uma mudança tão significativa na vida. É ótimo que você esteja entusiasmado com as novas oportunidades que o aguardam no exterior. Lembre-se de que também é importante valorizar o tempo que você passa com seus entes queridos. Mantenha contato com eles e talvez planeje uma visita em breve.,E3,microsoft/Phi-3-mini-4k-instruct,pipeline
s08__E4__baseline,s08,"I'm excited about moving abroad for work, while at the same time I feel sad about leaving my friends and family.","It's natural to feel excited about new opportunities while also sad to leave behind loved ones. Balancing these emotions can be challenging, but it's a common experience when making big life changes.","Estou entusiasmado com a ideia de me mudar para o exterior a trabalho, mas ao mesmo tempo me sinto triste por deixar meus amigos e familiares.","É natural ficar entusiasmado com novas oportunidades e ao mesmo tempo triste por deixar para trás entes queridos. Equilibrar essas emoções pode ser desafiador, mas é uma experiência comum ao fazer grandes mudanças na vida.",E4,Qwen/Qwen2.5-3B-Instruct,baseline
s08__E4__pipeline,s08,"I'm excited about moving abroad for work, while at the same time I feel sad about leaving my friends and family.","Moving abroad can be incredibly exciting, but it's also natural to feel sad about leaving behind the people you love. How are you planning to stay connected with your friends and family back home?","Estou entusiasmado com a ideia de me mudar para o exterior a trabalho, mas ao mesmo tempo me sinto triste por deixar meus amigos e familiares.","Mudar-se para o exterior pode ser incrivelmente emocionante, mas também é natural sentir-se triste por deixar para trás as pessoas que você ama. Como você planeja ficar conectado com seus amigos e familiares em casa?",E4,Qwen/Qwen2.5-3B-Instruct,pipeline
s09__E1__baseline,s09,"I admire my colleague's confidence in meetings, but I also feel annoyed and small whenever they interrupt me.","I'm with you, I'm not.","Admiro a confiança dos meus colegas nas reuniões, mas também me sinto irritado e pequeno sempre que me interrompem.","Estou com você, não estou.",E1,microsoft/DialoGPT-medium,baseline
s09__E1__pipeline,s09,"I admire my colleague's confidence in meetings, but I also feel annoyed and small whenever they interrupt me.",I don't know what to do with my hands!!!,"Admiro a confiança dos meus colegas nas reuniões, mas também me sinto irritado e pequeno sempre que me interrompem.",Não sei o que fazer com as mãos!!!,E1,microsoft/DialoGPT-medium,pipeline
s09__E2__baseline,s09,"I admire my colleague's confidence in meetings, but I also feel annoyed and small whenever they interrupt me.",Why do you feel that way? Is it because you are intimidated by them?,"Admiro a confiança dos meus colegas nas reuniões, mas também me sinto irritado e pequeno sempre que me interrompem.",Por que você se sente assim? É porque você se sente intimidado por eles?,E2,facebook/blenderbot-400M-distill,baseline
s09__E2__pipeline,s09,"I admire my colleague's confidence in meetings, but I also feel annoyed and small whenever they interrupt me.",I know what you mean. It's hard not to feel that way sometimes. Have you tried talking to them about it?,"Admiro a confiança dos meus colegas nas reuniões, mas também me sinto irritado e pequeno sempre que me interrompem.",Eu sei o que você quer dizer. É difícil não se sentir assim às vezes. Você já tentou conversar com eles sobre isso?,E2,facebook/blenderbot-400M-distill,pipeline
s09__E3__baseline,s09,"I admire my colleague's confidence in meetings, but I also feel annoyed and small whenever they interrupt me.","I understand that it can be frustrating when someone interrupts you, especially in a professional setting. It's important to remember that everyone has their own communication style, and your colleague's confidence might simply be a part of their personality. Perhaps you could address this issue directly with them in a private conversation, expressing how their interruptions make you feel. This way, you can work together to find a more respectful way to communicate during meetings.","Admiro a confiança dos meus colegas nas reuniões, mas também me sinto irritado e pequeno sempre que me interrompem.","Entendo que pode ser frustrante quando alguém o interrompe, especialmente em um ambiente profissional. É importante lembrar que cada um tem seu próprio estilo de comunicação e que a confiança do seu colega pode simplesmente fazer parte da personalidade dele. Talvez você possa abordar esse assunto diretamente com eles em uma conversa particular, expressando como você se sente com as interrupções. Dessa forma, vocês podem trabalhar juntos para encontrar uma forma mais respeitosa de comunicação durante as reuniões.",E3,microsoft/Phi-3-mini-4k-instruct,baseline
s09__E3__pipeline,s09,"I admire my colleague's confidence in meetings, but I also feel annoyed and small whenever they interrupt me.","It's great to hear that you appreciate your colleague's confidence; it's a valuable trait in any professional setting. However, it's important to feel respected and heard during meetings. Perhaps you could suggest a meeting etiquette to the team or speak to your colleague privately about how their interruptions make you feel.","Admiro a confiança dos meus colegas nas reuniões, mas também me sinto irritado e pequeno sempre que me interrompem.","É ótimo saber que você aprecia a confiança do seu colega; é uma característica valiosa em qualquer ambiente profissional. No entanto, é importante sentir-se respeitado e ouvido durante as reuniões. Talvez você possa sugerir uma etiqueta de reunião para a equipe ou conversar em particular com seu colega sobre como você se sente com as interrupções.",E3,microsoft/Phi-3-mini-4k-instruct,pipeline
s09__E4__baseline,s09,"I admire my colleague's confidence in meetings, but I also feel annoyed and small whenever they interrupt me.","It's great that you admire your colleague's confidence, but it's important to address the interruptions as they can make you feel small and disrespected. You might consider politely reminding them of the importance of listening to others as well.","Admiro a confiança dos meus colegas nas reuniões, mas também me sinto irritado e pequeno sempre que me interrompem.","É ótimo que você admire a confiança do seu colega, mas é importante lidar com as interrupções, pois elas podem fazer você se sentir pequeno e desrespeitado. Você pode considerar lembrá-los educadamente da importância de ouvir os outros também.",E4,Qwen/Qwen2.5-3B-Instruct,baseline
s09__E4__pipeline,s09,"I admire my colleague's confidence in meetings, but I also feel annoyed and small whenever they interrupt me.",It sounds like you're in a challenging situation where you respect your colleague's assertiveness but find it frustrating. How about discussing this with your colleague to find a way to balance their confidence with your need for respect and space?,"Admiro a confiança dos meus colegas nas reuniões, mas também me sinto irritado e pequeno sempre que me interrompem.","Parece que você está em uma situação desafiadora em que respeita a assertividade do seu colega, mas acha isso frustrante. Que tal discutir isso com seu colega para encontrar uma maneira de equilibrar a confiança dele com a sua necessidade de respeito e espaço?",E4,Qwen/Qwen2.5-3B-Instruct,pipeline
s10__E1__baseline,s10,"I'm hopeful the medical results will be fine, yet every notification on my phone fills me with dread.",I'm sorry to hear that.,"Tenho esperança de que os resultados médicos sejam bons, mas cada notificação no meu telefone me enche de pavor.",Lamento ouvir isso.,E1,microsoft/DialoGPT-medium,baseline
s10__E1__pipeline,s10,"I'm hopeful the medical results will be fine, yet every notification on my phone fills me with dread.",I don't know what to do with my hands!!!,"Tenho esperança de que os resultados médicos sejam bons, mas cada notificação no meu telefone me enche de pavor.",Não sei o que fazer com as mãos!!!,E1,microsoft/DialoGPT-medium,pipeline
s10__E2__baseline,s10,"I'm hopeful the medical results will be fine, yet every notification on my phone fills me with dread.",I'm sorry to hear that. I hope everything turns out well for you. What are you worried about?,"Tenho esperança de que os resultados médicos sejam bons, mas cada notificação no meu telefone me enche de pavor.",Lamento ouvir isso. Espero que tudo corra bem para você. Com o que você está preocupado?,E2,facebook/blenderbot-400M-distill,baseline
s10__E2__pipeline,s10,"I'm hopeful the medical results will be fine, yet every notification on my phone fills me with dread.",I'm sorry to hear that. I hope everything turns out well for you. What are you worried about?,"Tenho esperança de que os resultados médicos sejam bons, mas cada notificação no meu telefone me enche de pavor.",Lamento ouvir isso. Espero que tudo corra bem para você. Com o que você está preocupado?,E2,facebook/blenderbot-400M-distill,pipeline
s10__E3__baseline,s10,"I'm hopeful the medical results will be fine, yet every notification on my phone fills me with dread.","I understand that waiting for medical results can be a stressful time. It's natural to feel anxious about the notifications, but remember that it's important to stay positive and hopeful. Perhaps you could try to distract yourself with activities you enjoy or talk to someone close to you for support. Remember, whatever the results, you're not alone, and there are people ready to help you through this.","Tenho esperança de que os resultados médicos sejam bons, mas cada notificação no meu telefone me enche de pavor.","Entendo que esperar pelos resultados médicos pode ser um momento estressante. É natural ficar ansioso com as notificações, mas lembre-se que é importante manter-se positivo e esperançoso. Talvez você possa tentar se distrair com atividades de que gosta ou conversar com alguém próximo para obter apoio. Lembre-se, sejam quais forem os resultados, você não está sozinho e há pessoas prontas para ajudá-lo nisso.",E3,microsoft/Phi-3-mini-4k-instruct,baseline
s10__E3__pipeline,s10,"I'm hopeful the medical results will be fine, yet every notification on my phone fills me with dread.","I understand that waiting for medical results can be a stressful time, and it's natural to feel a mix of hope and anxiety. Remember that regardless of the outcome, you have support systems in place to help you through whatever comes next. It's important to focus on the steps you can take to maintain your well-being during this period.","Tenho esperança de que os resultados médicos sejam bons, mas cada notificação no meu telefone me enche de pavor.","Entendo que esperar pelos resultados médicos pode ser um momento estressante e é natural sentir uma mistura de esperança e ansiedade. Lembre-se de que, independentemente do resultado, você possui sistemas de apoio para ajudá-lo no que vier a seguir. É importante se concentrar nas medidas que você pode seguir para manter seu bem-estar durante esse período.",E3,microsoft/Phi-3-mini-4k-instruct,pipeline
s10__E4__baseline,s10,"I'm hopeful the medical results will be fine, yet every notification on my phone fills me with dread.","I understand your concern, and it's completely normal to feel anxious during this time. It's important to stay positive and focus on the support systems around you.","Tenho esperança de que os resultados médicos sejam bons, mas cada notificação no meu telefone me enche de pavor.",Entendo sua preocupação e é completamente normal sentir-se ansioso durante esse período. É importante permanecer positivo e focar nos sistemas de apoio ao seu redor.,E4,Qwen/Qwen2.5-3B-Instruct,baseline
s10__E4__pipeline,s10,"I'm hopeful the medical results will be fine, yet every notification on my phone fills me with dread.",I understand that you're hopeful for the best but feel dread with each notification. How about we focus on staying positive and hopeful until you hear the results?,"Tenho esperança de que os resultados médicos sejam bons, mas cada notificação no meu telefone me enche de pavor.","Entendo que você espera o melhor, mas sente medo a cada notificação. Que tal nos concentrarmos em permanecer positivos e esperançosos até ouvir os resultados?",E4,Qwen/Qwen2.5-3B-Instruct,pipeline
s11__E1__baseline,s11,"I enjoy remote work and the freedom it gives me, but I miss the office and feel disconnected from the team.",I miss the office and the freedom it gives me.,"Gosto do trabalho remoto e da liberdade que isso me proporciona, mas sinto falta do escritório e me sinto desconectado da equipe.",Sinto falta do escritório e da liberdade que ele me dá.,E1,microsoft/DialoGPT-medium,baseline
s11__E1__pipeline,s11,"I enjoy remote work and the freedom it gives me, but I miss the office and feel disconnected from the team.",Joyous and sorrowful. I'm not sure what's going on.,"Gosto do trabalho remoto e da liberdade que isso me proporciona, mas sinto falta do escritório e me sinto desconectado da equipe.",Alegre e triste. Não tenho certeza do que está acontecendo.,E1,microsoft/DialoGPT-medium,pipeline
s11__E2__baseline,s11,"I enjoy remote work and the freedom it gives me, but I miss the office and feel disconnected from the team.",I'm sorry to hear that. What do you do in your spare time to keep yourself occupied?,"Gosto do trabalho remoto e da liberdade que isso me proporciona, mas sinto falta do escritório e me sinto desconectado da equipe.",Lamento ouvir isso. O que você faz no seu tempo livre para se manter ocupado?,E2,facebook/blenderbot-400M-distill,baseline
s11__E2__pipeline,s11,"I enjoy remote work and the freedom it gives me, but I miss the office and feel disconnected from the team.",I'm sorry to hear that. What do you do in your spare time to keep yourself occupied?,"Gosto do trabalho remoto e da liberdade que isso me proporciona, mas sinto falta do escritório e me sinto desconectado da equipe.",Lamento ouvir isso. O que você faz no seu tempo livre para se manter ocupado?,E2,facebook/blenderbot-400M-distill,pipeline
s11__E3__baseline,s11,"I enjoy remote work and the freedom it gives me, but I miss the office and feel disconnected from the team.","I understand that remote work offers flexibility and comfort, but it's also important to maintain a sense of connection with your team. Perhaps you could schedule regular video calls or virtual team-building activities to bridge the gap. Additionally, consider setting up a virtual office space where you can interact with colleagues as if you were in the same physical location.","Gosto do trabalho remoto e da liberdade que isso me proporciona, mas sinto falta do escritório e me sinto desconectado da equipe.","Entendo que o trabalho remoto oferece flexibilidade e conforto, mas também é importante manter um senso de conexão com sua equipe. Talvez você possa agendar videochamadas regulares ou atividades virtuais de formação de equipes para preencher essa lacuna. Além disso, considere configurar um espaço de escritório virtual onde você possa interagir com colegas como se estivesse no mesmo local físico.",E3,microsoft/Phi-3-mini-4k-instruct,baseline
s11__E3__pipeline,s11,"I enjoy remote work and the freedom it gives me, but I miss the office and feel disconnected from the team.","I understand that remote work offers you a lot of freedom, which is great. It's natural to miss the camaraderie and connection that comes with being in the office. Perhaps you could schedule regular virtual meet-ups or team-building activities to help bridge that gap and maintain a sense of community.","Gosto do trabalho remoto e da liberdade que isso me proporciona, mas sinto falta do escritório e me sinto desconectado da equipe.","Entendo que o trabalho remoto oferece muita liberdade, o que é ótimo. É natural sentir falta da camaradagem e da conexão que acompanham o trabalho no escritório. Talvez você possa agendar encontros virtuais regulares ou atividades de formação de equipes para ajudar a preencher essa lacuna e manter um senso de comunidade.",E3,microsoft/Phi-3-mini-4k-instruct,pipeline
s11__E4__baseline,s11,"I enjoy remote work and the freedom it gives me, but I miss the office and feel disconnected from the team.","It's common to feel that way, but remember that maintaining regular communication and team-building activities can help bridge the gap and keep you connected.","Gosto do trabalho remoto e da liberdade que isso me proporciona, mas sinto falta do escritório e me sinto desconectado da equipe.","É comum se sentir assim, mas lembre-se de que manter comunicação regular e atividades de formação de equipe pode ajudar a preencher a lacuna e mantê-lo conectado.",E4,Qwen/Qwen2.5-3B-Instruct,baseline
s11__E4__pipeline,s11,"I enjoy remote work and the freedom it gives me, but I miss the office and feel disconnected from the team.","I understand that remote work offers a lot of flexibility, but it can be tough to stay connected with your team and miss the social aspects of being in the office.","Gosto do trabalho remoto e da liberdade que isso me proporciona, mas sinto falta do escritório e me sinto desconectado da equipe.","Entendo que o trabalho remoto oferece muita flexibilidade, mas pode ser difícil ficar conectado com sua equipe e perder os aspectos sociais de estar no escritório.",E4,Qwen/Qwen2.5-3B-Instruct,pipeline
s12__E1__baseline,s12,"I'm glad I told the truth in that argument, although I regret how harsh I sounded and keep replaying it.",I don't know what I'm doing.,"Estou feliz por ter dito a verdade nesse argumento, embora me arrependa de ter soado duro e continue repetindo isso.",Eu não sei o que estou fazendo.,E1,microsoft/DialoGPT-medium,baseline
s12__E1__pipeline,s12,"I'm glad I told the truth in that argument, although I regret how harsh I sounded and keep replaying it.",Thank you for your time. I'm sorry for the inconvenience.,"Estou feliz por ter dito a verdade nesse argumento, embora me arrependa de ter soado duro e continue repetindo isso.",Obrigado pelo seu tempo. Sinto muito pelo inconveniente.,E1,microsoft/DialoGPT-medium,pipeline
s12__E2__baseline,s12,"I'm glad I told the truth in that argument, although I regret how harsh I sounded and keep replaying it.",I'm sorry you had to go through that. I'm sure it wasn't your fault.,"Estou feliz por ter dito a verdade nesse argumento, embora me arrependa de ter soado duro e continue repetindo isso.",Lamento que você tenha passado por isso. Tenho certeza de que não foi sua culpa.,E2,facebook/blenderbot-400M-distill,baseline
s12__E2__pipeline,s12,"I'm glad I told the truth in that argument, although I regret how harsh I sounded and keep replaying it.",I am glad you are able to look at the positive side of things. I am sure you learned from your mistake.,"Estou feliz por ter dito a verdade nesse argumento, embora me arrependa de ter soado duro e continue repetindo isso.",Fico feliz que você consiga ver o lado positivo das coisas. Tenho certeza que você aprendeu com seu erro.,E2,facebook/blenderbot-400M-distill,pipeline
s12__E3__baseline,s12,"I'm glad I told the truth in that argument, although I regret how harsh I sounded and keep replaying it.","It's commendable that you value honesty in your interactions. Remember, it's natural to reflect on our words, especially after a heated exchange. Perhaps consider expressing your thoughts in a calm and constructive manner next time. This way, you can maintain your integrity while also being mindful of how you communicate.","Estou feliz por ter dito a verdade nesse argumento, embora me arrependa de ter soado duro e continue repetindo isso.","É louvável que você valorize a honestidade em suas interações. Lembre-se, é natural refletir sobre nossas palavras, especialmente depois de uma discussão acalorada. Talvez considere expressar seus pensamentos de maneira calma e construtiva na próxima vez. Dessa forma, você pode manter sua integridade e ao mesmo tempo estar atento à forma como se comunica.",E3,microsoft/Phi-3-mini-4k-instruct,baseline
s12__E3__pipeline,s12,"I'm glad I told the truth in that argument, although I regret how harsh I sounded and keep replaying it.","It's commendable that you value honesty in your interactions. Reflecting on your words can be a powerful step towards personal growth. Remember, it's okay to express yourself, but also consider the impact your words may have on others.","Estou feliz por ter dito a verdade nesse argumento, embora me arrependa de ter soado duro e continue repetindo isso.","É louvável que você valorize a honestidade em suas interações. Refletir sobre suas palavras pode ser um passo poderoso para o crescimento pessoal. Lembre-se de que não há problema em se expressar, mas considere também o impacto que suas palavras podem ter sobre os outros.",E3,microsoft/Phi-3-mini-4k-instruct,pipeline
s12__E4__baseline,s12,"I'm glad I told the truth in that argument, although I regret how harsh I sounded and keep replaying it.","It's good that you told the truth, even if it made the situation more difficult. Moving forward, you might consider how to express your feelings more calmly next time.","Estou feliz por ter dito a verdade nesse argumento, embora me arrependa de ter soado duro e continue repetindo isso.","Que bom que você disse a verdade, mesmo que isso tenha tornado a situação mais difícil. Seguindo em frente, você pode considerar como expressar seus sentimentos com mais calma na próxima vez.",E4,Qwen/Qwen2.5-3B-Instruct,baseline
s12__E4__pipeline,s12,"I'm glad I told the truth in that argument, although I regret how harsh I sounded and keep replaying it.","It's good to know you stood by your truth, even if it wasn't easy to express.","Estou feliz por ter dito a verdade nesse argumento, embora me arrependa de ter soado duro e continue repetindo isso.","É bom saber que você manteve a sua verdade, mesmo que não tenha sido fácil expressá-la.",E4,Qwen/Qwen2.5-3B-Instruct,pipeline
